shopId,category,subcategory,products_name,brand_name,barcodes,variants,mrp_price,sale_price,gst,images,,description
653f8e2f8acc32b12aff1a8c,Groceries & Essentials, masala,Garam masala,MDH,"1,423,123",100 gm,100,90,2,"download(2).jpg, download(3).jpg",,"Fresh Kashmiri Apples We are presenting premium quality Fresh Kashmiri Apple,"
653f8e2f8acc32b12aff1a8c,Groceries & Essentials,masala,  Garam masala,MDH,"444rr,ewrewr545",200 gm,200,180,2,download(4).jpg,,"Several decades ago, housewives used to grind their spices manually at home and make their own blends for use in their cooking. To make this process easier fo"
653f8e2f8acc32b12aff1a8c,Groceries & Essentials,masala,  Garam masala,MDH,"35454tr, fdh454",400 gm,300,270,2,"download(8).jpg, download(7).jpg,download(6).jpg",,"Several decades ago, housewives used to grind their spices manually at home and make their own blends for use in their cooking. To make this process easier fo"
653f8e2f8acc32b12aff1a8c,Groceries & Essentials,masala,  Garam masala,MDH,"343534,dfgdg",1 kg,400,360,2,download(9).jpg,,"Several decades ago, housewives used to grind their spices manually at home and make their own blends for use in their cooking. To make this process easier fo"
